bigram,frequency
пер англ,3862
дифференциальный уравнение,2836
решение задача,2605
такой образ,2539
краевой задача,1950
иметь вид,1891
иметь место,1855
решение уравнение,1731
представлять себя,1538
случайный величина,1510
удовлетворять условие,1397
метод решение,1203
дать работа,1039
векторный пространство,1013
собственный значение,981
следующий образ,979
интегральный уравнение,936
евклидов пространство,920
общий случай,918
частный производная,904
точка зрение,897
система уравнение,891
граничный условие,876
момент время,875
каждый точка,865
гильбертов пространство,841
существовать такой,834
оптимальный управление,831
конечный число,825
решение система,822
комплексный переменный,813
вообще говорить,794
топологич пространство,782
правый часть,777
банахов пространство,768
уравнение частный,768
research science,753
непрерывный функция,748
аналитич функция,741
натуральный число,710
равный нуль,706
функция распределение,696
обыкновенный дифференциальный,684
new york,672
друг друг,670
вуз математик,666
теория поле,660
пер франц,658
квантовый теория,645
science str,640
база данные,639
настоящий время,633
частный случай,624
математический физика,623
задача кош,623
достаточный условие,622
9pt 6pt,620
изв вуз,619
векторный поле,603
institute informatics,603
informatics problems,602
линейный оператор,594
обладать свойство,588
теория функция,587
постановка задача,575
окрестность точка,569
действительный число,569
информационный технология,568
пер немой,565
численный метод,564
6pt введение,561
система координата,558
задача теория,553
случайный процесс,549
разностный схема,547
второй порядок,545
особый точка,545
дать статья,538
math soc,530
аналитический функция,523
функция иметь,522
функция удовлетворять,502
общий теория,496
необходимо достаточно,496
абелев группа,493
amer math,489
начальный условие,483
риманов поверхность,482
conference international,481
средство информатика,477
функциональный анализ,475
теория вероятность,474
множество точка,473
представить вид,464
problems research,463
представление группа,462
введение теория,461
приблизить решение,460
функция являться,459
математический модель,451
